Hexagon Center,Number of Pixels,num_segments,EMD relative Metric,my hist metric,my hist metric sq,circ stat metric
"(0.0, 0.0)",0,nan,nan,nan,nan,0
"(103.92304845413263, 0.0)",0,nan,nan,nan,nan,0
"(207.84609690826525, 0.0)",38,nan,0.3338610141096087,0.11146317674229636,0.5757269012488947,2
"(311.76914536239786, 0.0)",112,nan,0.3812941091301784,0.1453851976573764,0.6258919491797321,5
"(415.6921938165305, 0.0)",95,nan,0.6027002687040123,0.3632476138958886,0.7628646755412852,3
"(519.6152422706631, 0.0)",22,nan,nan,nan,nan,2
"(623.5382907247957, 0.0)",0,nan,nan,nan,nan,0
"(727.4613391789284, 0.0)",0,nan,nan,nan,nan,0
"(831.384387633061, 0.0)",110,nan,0.6000980584880029,0.36011767980107057,0.7568815437893183,4
"(935.3074360871937, 0.0)",65,nan,0.4868398502123805,0.2370130397548131,0.6653730574497585,3
"(1039.2304845413262, 0.0)",66,nan,0.5991335341334435,0.3589609917232301,0.7594719264372282,2
"(1143.1535329954588, 0.0)",55,nan,nan,nan,nan,3
"(1247.0765814495915, 0.0)",47,nan,0.5653168391627462,0.3195831286409583,0.642754309343061,4
"(1350.999629903724, 0.0)",125,nan,nan,nan,nan,5
"(1454.9226783578567, 0.0)",30,nan,nan,nan,nan,1
"(1558.8457268119894, 0.0)",58,nan,0.5472963415513478,0.2995332854754895,0.720431274311847,2
"(1662.768775266122, 0.0)",46,nan,0.34644831321994124,0.12002643373294251,0.5142166736627795,2
"(1766.6918237202547, 0.0)",36,nan,nan,nan,nan,3
"(1870.6148721743873, 0.0)",34,nan,nan,nan,nan,1
"(1974.53792062852, 0.0)",0,nan,nan,nan,nan,0
"(2078.4609690826524, 0.0)",0,nan,nan,nan,nan,0
"(51.96152422706631, 90.0)",8,nan,nan,nan,nan,1
"(155.88457268119893, 90.0)",187,nan,0.1475617109966052,0.021774458552245635,0.38029597550795674,5
"(259.80762113533154, 90.0)",189,nan,0.4093718521619807,0.16758531334253057,0.6281459211301769,7
"(363.7306695894642, 90.0)",113,0.10475023329445066,0.22436854508983348,0.050341244025728635,0.46958522995237967,3
"(467.6537180435968, 90.0)",164,1.0,0.5780658430456512,0.3341601188960795,0.7212218377078427,6
"(571.5767664977294, 90.0)",135,0.5517913353158719,0.3787128988353366,0.1434234597442639,0.6079830787618922,7
"(675.499814951862, 90.0)",196,0.6131257694329829,0.3396242251864892,0.11534461433352314,0.5760472800512425,6
"(779.4228634059947, 90.0)",145,0.20340875183526164,0.40611197955650974,0.164926939939307,0.6392711540587083,7
"(883.3459118601273, 90.0)",190,0.675363296941393,0.11314848008724361,0.012802578546053364,0.34453932667420356,5
"(987.26896031426, 90.0)",170,0.43261705477880186,0.2058431157830937,0.042371388315292115,0.454746208597109,10
"(1091.1920087683925, 90.0)",282,0.4278761502285824,0.38370868376341116,0.14723235399544948,0.6039934529548151,9
"(1195.1150572225251, 90.0)",204,0.5101385637803482,0.30197169011610675,0.091186901631578,0.48781453378703743,7
"(1299.0381056766578, 90.0)",182,0.38577807576578593,0.02712248879102826,0.0007356293982194536,0.19921425248031746,9
"(1402.9611541307904, 90.0)",328,0.6257427102819129,0.19333969600336895,0.03738023805067512,0.4445061808075819,9
"(1506.884202584923, 90.0)",126,0.409122038078247,0.1419344308467548,0.02014538265979222,0.39393026934621767,6
"(1610.8072510390557, 90.0)",127,0.5338544241974119,0.0720573005158532,0.005192254557631977,0.26017998722789515,7
"(1714.7302994931883, 90.0)",206,0.688649388628308,0.0410202471908655,0.0016826606795997089,0.2234872223363522,8
"(1818.653347947321, 90.0)",110,nan,nan,nan,nan,3
"(1922.5763964014536, 90.0)",0,nan,nan,nan,nan,0
"(2026.4994448555863, 90.0)",0,nan,nan,nan,nan,0
"(2130.4224933097184, 90.0)",0,nan,nan,nan,nan,0
"(0.0, 180.0)",0,nan,nan,nan,nan,1
"(103.92304845413263, 180.0)",53,0.3197318669838566,0.22626102364100853,0.05119405081907702,0.4745079335357805,3
"(207.84609690826525, 180.0)",148,0.5941590077127659,0.28338669899131697,0.08030802116519528,0.530292077963937,8
"(311.76914536239786, 180.0)",151,0.6045765614128635,0.4406976557762132,0.19421442380664972,0.6401484760614582,5
"(415.6921938165305, 180.0)",240,0.6741038326391675,0.31106425673305477,0.09676097181688781,0.5451577776107329,8
"(519.6152422706631, 180.0)",201,0.7474233975111102,0.2887840717996693,0.08339624012519656,0.5326172534614723,6
"(623.5382907247957, 180.0)",182,0.45474214826759807,0.32587510621810206,0.1061945848526593,0.5642066610764093,6
"(727.4613391789284, 180.0)",194,0.7208044510238366,0.3000678208613583,0.09004069711648421,0.5381850387571923,8
"(831.384387633061, 180.0)",262,0.607089438960347,0.2205934628688125,0.04866147586045416,0.4676716766493487,6
"(935.3074360871937, 180.0)",83,0.35883844040568735,0.19164742751037597,0.036728736471344815,0.43932158166391116,8
"(1039.2304845413262, 180.0)",176,0.6276204499815093,0.2541995241253037,0.06461739806553086,0.503453419969653,6
"(1143.1535329954588, 180.0)",158,0.5263379492647204,0.190225992783833,0.03618592833059489,0.4383495768977914,4
"(1247.0765814495915, 180.0)",214,0.5875145261366692,0.09134746041832427,0.008344358524877318,0.29581193557652957,7
"(1350.999629903724, 180.0)",140,0.6254023080554496,0.16241000578368023,0.026377009978655046,0.4084172216224066,6
"(1454.9226783578567, 180.0)",246,0.4417485247548002,0.23430176950213122,0.05489731919182983,0.47988021901915306,9
"(1558.8457268119894, 180.0)",269,0.3984144176611173,0.1025445607785495,0.010515386945265631,0.3350983682604609,7
"(1662.768775266122, 180.0)",206,0.2353442995080497,0.015316112452230671,0.00023458330064937542,0.1795335314369685,10
"(1766.6918237202547, 180.0)",158,0.5091856838856603,0.16812355186029562,0.02826552869012151,0.42453899398301637,7
"(1870.6148721743873, 180.0)",164,nan,nan,nan,nan,5
"(1974.53792062852, 180.0)",0,nan,nan,nan,nan,0
"(2078.4609690826524, 180.0)",0,nan,nan,nan,nan,0
"(51.96152422706631, 270.0)",35,nan,0.39217921124135596,0.1538045337298921,0.614488924019749,1
"(155.88457268119893, 270.0)",183,0.49792285276517867,0.3085320838880064,0.09519204678827582,0.5558928052187938,4
"(259.80762113533154, 270.0)",118,0.01234852772946926,0.39274404704166427,0.154247886486665,0.6269879909355839,2
"(363.7306695894642, 270.0)",178,0.5082475194539569,0.3433791667614117,0.1179092521657614,0.5691214750108665,5
"(467.6537180435968, 270.0)",116,0.17003639949998606,0.20660756347935613,0.04268668528687617,0.43393847180644435,6
"(571.5767664977294, 270.0)",181,0.6305691680828219,0.27750384573702624,0.07700838439883925,0.5059413062280192,6
"(675.499814951862, 270.0)",215,0.4656546728019084,0.28894535494229884,0.08348941814273106,0.5274976772230172,5
"(779.4228634059947, 270.0)",240,0.37997287669111746,0.19947830429043267,0.03979159388258645,0.4224608917440404,9
"(883.3459118601273, 270.0)",95,0.48250875087033995,0.29373347117887444,0.08627935209079066,0.5294585795591534,5
"(987.26896031426, 270.0)",225,0.21244856957637914,0.19802671067853464,0.03921457814216007,0.4467686464489877,8
"(1091.1920087683925, 270.0)",103,0.45810961377154835,0.16479085607637148,0.02715602624638338,0.41294227616736373,6
"(1195.1150572225251, 270.0)",246,0.6192101183744765,0.17616004390976556,0.031032361070290528,0.41656084116265785,9
"(1299.0381056766578, 270.0)",144,0.5604419675470564,0.07871335803764216,0.0061957927335620465,0.2877553567709224,5
"(1402.9611541307904, 270.0)",227,0.6085313226727525,0.25495299622250217,0.0650010302828312,0.4930655649795472,8
"(1506.884202584923, 270.0)",197,0.3956881961501514,0.15743246596850105,0.024784981340923242,0.3928192328480707,7
"(1610.8072510390557, 270.0)",107,0.5970271941856728,0.2328518594626464,0.054219988455212025,0.47571363414425355,6
"(1714.7302994931883, 270.0)",107,0.3765943443733679,0.1293588859156577,0.016733721365340144,0.3404442916101349,7
"(1818.653347947321, 270.0)",210,nan,0.14775030402471376,0.021830152339395347,0.40527918192738827,9
"(1922.5763964014536, 270.0)",0,nan,nan,nan,nan,0
"(2026.4994448555863, 270.0)",0,nan,nan,nan,nan,0
"(2130.4224933097184, 270.0)",0,nan,nan,nan,nan,0
"(0.0, 360.0)",0,nan,nan,nan,nan,0
"(103.92304845413263, 360.0)",141,0.0,0.19549804422602915,0.03821948529620245,0.4514802167478897,3
"(207.84609690826525, 360.0)",127,0.5075843735720308,0.27786880804596487,0.07721107448488528,0.5287886763628745,4
"(311.76914536239786, 360.0)",169,0.351007669728733,0.19617305477575595,0.03848386742005174,0.44539946538519065,4
"(415.6921938165305, 360.0)",143,0.44385397990855324,0.14645811388618327,0.021449979123098227,0.3864229820428016,6
"(519.6152422706631, 360.0)",117,0.7191357807531313,0.3217212773295666,0.10350458028656792,0.5459229078570408,4
"(623.5382907247957, 360.0)",233,0.2840650860534458,0.16273184149795772,0.026481652237316435,0.4128679621561066,8
"(727.4613391789284, 360.0)",183,0.4383135185406092,0.35744830728791904,0.1277692923829986,0.5927364145621848,6
"(831.384387633061, 360.0)",256,0.7655448880358349,0.36803656190290557,0.13545091089731123,0.5960668366608192,8
"(935.3074360871937, 360.0)",214,0.703599139909073,0.1691456143052692,0.02861023883870689,0.39216746326963275,7
"(1039.2304845413262, 360.0)",140,0.25155801362526276,0.22773731362723013,0.051864284018147376,0.4784996618481818,6
"(1143.1535329954588, 360.0)",218,0.54994320167704,0.24584824096865168,0.06044135758738022,0.48508029306316053,8
"(1247.0765814495915, 360.0)",106,0.43142831469808307,0.20685284920992716,0.04278810122626486,0.4505705169708299,4
"(1350.999629903724, 360.0)",232,0.6003723974358697,0.14827801258652631,0.021986369016610056,0.38050150435463115,5
"(1454.9226783578567, 360.0)",93,0.5414321190832239,0.13747533445727456,0.0188994675841395,0.379580463443519,5
"(1558.8457268119894, 360.0)",310,0.4425180360993235,0.4163439964796319,0.17334232340463174,0.5945069023751007,7
"(1662.768775266122, 360.0)",65,0.6729596744124166,0.4782636573359789,0.22873612592838666,0.6595798297108343,4
"(1766.6918237202547, 360.0)",229,0.4126407043617144,0.15607049672582382,0.024357999948245383,0.38563263869690245,9
"(1870.6148721743873, 360.0)",211,nan,nan,nan,nan,6
"(1974.53792062852, 360.0)",0,nan,nan,nan,nan,0
"(2078.4609690826524, 360.0)",0,nan,nan,nan,nan,0
"(51.96152422706631, 450.0)",0,nan,nan,nan,nan,0
"(155.88457268119893, 450.0)",73,0.3574037839466444,0.16637959130072458,0.027682168401396146,0.41337147225165105,6
"(259.80762113533154, 450.0)",191,0.3647014751899653,0.27495300712819626,0.07559915612883794,0.4729623151721345,8
"(363.7306695894642, 450.0)",169,0.6537063664963798,0.32837103198293266,0.10782753464553618,0.5490434432031032,6
"(467.6537180435968, 450.0)",193,nan,0.4052825368777157,0.16425393469803698,0.6326849644712236,6
"(571.5767664977294, 450.0)",174,0.5584055244854814,0.266213796401382,0.07086978539443646,0.5130378201182628,5
"(675.499814951862, 450.0)",192,0.46560683737581654,0.13099231422882177,0.01715898638702238,0.3681175109252323,9
"(779.4228634059947, 450.0)",131,0.7915674966763835,0.32150742338733673,0.1033670232931642,0.5627694217285021,7
"(883.3459118601273, 450.0)",235,0.038839246797597315,0.14986408503619422,0.022459243983735652,0.3199402190480639,12
"(987.26896031426, 450.0)",188,0.46619343917482226,0.21596975662157422,0.046642935775182005,0.47226754571366863,8
"(1091.1920087683925, 450.0)",232,0.7318987179443719,0.17155093631030569,0.02942972374894256,0.4185518647318662,7
"(1195.1150572225251, 450.0)",225,0.7163419354195958,0.215849499714438,0.04659100652697317,0.4581876018225952,6
"(1299.0381056766578, 450.0)",286,0.564328481587207,0.0821460869924479,0.006747979608170817,0.30035404515453507,6
"(1402.9611541307904, 450.0)",232,0.5592922348703888,0.06531930829846126,0.004266612036589431,0.26865468444199786,6
"(1506.884202584923, 450.0)",154,0.5193859386821522,0.11767612181791505,0.013847669646104782,0.35327446300911025,9
"(1610.8072510390557, 450.0)",198,0.7044242990140025,0.4859684329482263,0.2361653178221547,0.6795208730276211,3
"(1714.7302994931883, 450.0)",160,0.451246192334009,0.15947601783907128,0.02543260026580778,0.38962198502508666,5
"(1818.653347947321, 450.0)",176,0.351668810454163,0.010934219772345469,0.00011955716202995061,0.16220438886141175,8
"(1922.5763964014536, 450.0)",60,nan,nan,nan,nan,5
"(2026.4994448555863, 450.0)",0,nan,nan,nan,nan,0
"(2130.4224933097184, 450.0)",0,nan,nan,nan,nan,0
"(0.0, 540.0)",0,nan,nan,nan,nan,0
"(103.92304845413263, 540.0)",70,0.5492018986934182,0.292612991368675,0.08562236271772429,0.49055264907614343,5
"(207.84609690826525, 540.0)",155,0.3443593725623265,0.1276829083538702,0.016302925085702816,0.35211220290932405,7
"(311.76914536239786, 540.0)",168,0.40147776553156445,0.34844891379998505,0.1214166455283894,0.5750284169852006,8
"(415.6921938165305, 540.0)",203,0.5927350787016485,0.28819896111797155,0.08305864118947807,0.5282901701862687,6
"(519.6152422706631, 540.0)",118,0.3525302461404374,0.1526113705129389,0.02329023040983752,0.39778901204218764,3
"(623.5382907247957, 540.0)",203,0.4218884528801138,0.3001718321068252,0.09010312879036805,0.5464909377678167,8
"(727.4613391789284, 540.0)",119,0.6520921540727402,0.4140330523725087,0.17142336845689654,0.6389791346972156,5
"(831.384387633061, 540.0)",254,0.525489553345887,0.06489714711382615,0.004211639703513593,0.2470309175908254,6
"(935.3074360871937, 540.0)",103,0.4265892317391745,0.19845433119271005,0.03938412156914585,0.4428787876181795,8
"(1039.2304845413262, 540.0)",161,0.6439226902468982,0.20140231341767292,0.040562891849990554,0.43015075015064763,7
"(1143.1535329954588, 540.0)",206,0.8050295788407994,0.1685191288933555,0.02839869680297536,0.4041437064046955,5
"(1247.0765814495915, 540.0)",86,0.5903903067728409,0.18330893801732095,0.03360216675703802,0.4103192616804767,6
"(1350.999629903724, 540.0)",110,0.4476600805668134,0.19020663398610874,0.036178563612325534,0.42781985850480475,8
"(1454.9226783578567, 540.0)",208,0.1661482789750507,0.18168620040939235,0.03300987541920188,0.4290112893573372,10
"(1558.8457268119894, 540.0)",109,0.34775867323686005,0.17874289083038572,0.031949021022403185,0.4153392628919976,7
"(1662.768775266122, 540.0)",156,0.3539564613061419,0.11952462681808414,0.014286136416002277,0.3522497374310551,11
"(1766.6918237202547, 540.0)",273,0.36431078425436525,0.13905775405731488,0.019337058963464673,0.3798420392106534,6
"(1870.6148721743873, 540.0)",375,nan,0.3650584719612348,0.13326768795067165,0.5256267030731947,8
"(1974.53792062852, 540.0)",83,nan,nan,nan,nan,4
"(2078.4609690826524, 540.0)",0,nan,nan,nan,nan,0
"(51.96152422706631, 630.0)",0,nan,nan,nan,nan,0
"(155.88457268119893, 630.0)",238,0.5723852466883874,0.27681746389897444,0.07662790831946001,0.49870204625181097,8
"(259.80762113533154, 630.0)",241,0.6415607221492327,0.22593708454826836,0.05104756617417137,0.46286194720283796,9
"(363.7306695894642, 630.0)",191,0.6250152168527527,0.2690489237143465,0.07238732335184825,0.5031595980107397,6
"(467.6537180435968, 630.0)",58,nan,0.1994522686732433,0.03978120747890364,0.472969395046184,1
"(571.5767664977294, 630.0)",126,0.50302912793003,0.3184112827593331,0.10138574498844398,0.5645352687453989,8
"(675.499814951862, 630.0)",198,0.605540501665315,0.3023552269942782,0.0914186832907615,0.5506099494054498,8
"(779.4228634059947, 630.0)",301,0.5042651107294123,0.15192998580486314,0.023082720586665915,0.3872581437126135,8
"(883.3459118601273, 630.0)",228,0.6342054315926742,0.3686338108345591,0.1358908864904095,0.5919497141560627,8
"(987.26896031426, 630.0)",146,0.2950275553970255,0.22535956666125187,0.05078693428574722,0.4636015174574369,9
"(1091.1920087683925, 630.0)",118,0.6886200798231941,0.1717188510147424,0.029487363793823298,0.3981176731376343,4
"(1195.1150572225251, 630.0)",166,0.4262165374850201,0.1712884554177682,0.02933973495940476,0.4023100171663196,4
"(1299.0381056766578, 630.0)",202,0.344525792027524,0.16515029329117184,0.027274619374160078,0.37179695242579175,7
"(1402.9611541307904, 630.0)",135,0.5159540629134081,0.0688570862319428,0.004741298324353206,0.2875601433658837,8
"(1506.884202584923, 630.0)",197,0.7507149531696189,0.01779343065943743,0.000316606174632208,0.16251585405334143,5
"(1610.8072510390557, 630.0)",224,0.7763327945812319,0.1417098172479668,0.02008167230445215,0.3700817887183015,7
"(1714.7302994931883, 630.0)",101,0.491129805197548,0.2643821361761267,0.06989791392905201,0.505547259836925,4
"(1818.653347947321, 630.0)",12,0.2409338426588321,0.10208041560712662,0.0104204112505237,0.3850710478526466,2
"(1922.5763964014536, 630.0)",57,0.37061486038751934,0.3574107474004169,0.12774244235732463,0.5798448341004806,4
"(2026.4994448555863, 630.0)",0,nan,nan,nan,nan,0
"(2130.4224933097184, 630.0)",0,nan,nan,nan,nan,0
"(0.0, 720.0)",0,nan,nan,nan,nan,1
"(103.92304845413263, 720.0)",227,0.5178370164252598,0.3805878819027439,0.14484713585121695,0.613264236227605,5
"(207.84609690826525, 720.0)",191,0.6170417731822799,0.3916944479002205,0.15342454051585855,0.6177958824011617,6
"(311.76914536239786, 720.0)",178,0.7189576964136138,0.37754513967321074,0.1425403324908642,0.6034795186533032,8
"(415.6921938165305, 720.0)",160,0.6683684744413595,0.2835615852121029,0.08040717260800069,0.5220521582922469,7
"(519.6152422706631, 720.0)",174,0.6976760664030492,0.36642215671449546,0.13426519693130226,0.5805328930968346,8
"(623.5382907247957, 720.0)",99,0.5066204865597401,0.36417649066514346,0.13262451635317932,0.5920591948226471,6
"(727.4613391789284, 720.0)",141,0.6156265333894431,0.31109515470626453,0.09678019528171466,0.5525573074259392,9
"(831.384387633061, 720.0)",231,0.6177267426928935,0.15310729265862513,0.023441843065253886,0.3884486682388899,7
"(935.3074360871937, 720.0)",248,0.5627115562150016,0.12075720225211506,0.014582301895758222,0.35056433798210973,9
"(1039.2304845413262, 720.0)",178,0.3586640514466941,0.19331566496669286,0.03737094632151464,0.45255185248533386,5
"(1143.1535329954588, 720.0)",109,0.3569310813934884,0.2003816194911924,0.04015279342991302,0.45504494215562546,7
"(1247.0765814495915, 720.0)",224,0.42055475972733314,0.04085852136017457,0.0016694187677398417,0.21789192931167878,7
"(1350.999629903724, 720.0)",208,0.4589329298972674,0.08702759060381109,0.0075738015263045475,0.29779054698660284,9
"(1454.9226783578567, 720.0)",231,0.5403367362250067,0.008397891955530349,7.052458929676135e-05,0.15154204902323554,8
"(1558.8457268119894, 720.0)",133,0.35936601223098275,0.18195031810745074,0.03310591825940252,0.4202642369950373,7
"(1662.768775266122, 720.0)",155,nan,nan,nan,nan,6
"(1766.6918237202547, 720.0)",1,nan,nan,nan,nan,1
"(1870.6148721743873, 720.0)",40,nan,0.4460844038819787,0.19899129538674026,0.6343336098586208,3
"(1974.53792062852, 720.0)",108,nan,0.3781211673466433,0.14297561719558824,0.5711426485363561,6
"(2078.4609690826524, 720.0)",0,nan,nan,nan,nan,0
"(51.96152422706631, 810.0)",75,0.5453127451294499,0.2545048179696649,0.06477270236977227,0.4679127494435639,4
"(155.88457268119893, 810.0)",228,0.7560890621726706,0.25413996595347776,0.06458712229483483,0.5022046871603072,6
"(259.80762113533154, 810.0)",158,0.6086379266238814,0.15473829220665047,0.023943939075030746,0.39579695738278065,5
"(363.7306695894642, 810.0)",131,0.5301142028222501,0.13726718976493446,0.018842281385962528,0.35930297453038545,6
"(467.6537180435968, 810.0)",166,0.42236612817299335,0.24430726776696185,0.059686041083757996,0.4774045436457024,8
"(571.5767664977294, 810.0)",219,0.5643682010152702,0.43608910769203685,0.1901737098476369,0.6431331230631825,6
"(675.499814951862, 810.0)",111,0.47736852922349904,0.33985518701872913,0.11550154814353536,0.5730050307058424,7
"(779.4228634059947, 810.0)",252,0.726664781794153,0.2891581343660908,0.0836124266700782,0.5417283418952724,8
"(883.3459118601273, 810.0)",160,0.6689037734678571,0.2798273769700003,0.07830336090191066,0.5373507710375898,5
"(987.26896031426, 810.0)",86,0.21123290540708517,0.2286417014871264,0.052277027658928214,0.47530179677408,4
"(1091.1920087683925, 810.0)",163,0.49426059241488407,0.13251447873328517,0.01756008707395429,0.3394501002206097,7
"(1195.1150572225251, 810.0)",193,0.3854266239548243,0.06268316800857736,0.003929179551591536,0.24777675146276787,9
"(1299.0381056766578, 810.0)",93,0.22986733015203664,0.12540760613903035,0.01572706767752216,0.335920703405071,6
"(1402.9611541307904, 810.0)",315,0.5409911644827203,0.20021197721467554,0.04008483582020976,0.44204860299283877,11
"(1506.884202584923, 810.0)",93,0.7157394629032303,0.1719825985054959,0.029578014188702605,0.405544710169635,5
"(1610.8072510390557, 810.0)",257,nan,0.15342477427148604,0.023539161360256446,0.4331135775668153,8
"(1714.7302994931883, 810.0)",90,0.42622597259511474,0.27864666119354137,0.07764396179430823,0.5182061321856196,6
"(1818.653347947321, 810.0)",131,0.6540547376803197,0.21198791025037886,0.04493887409232268,0.46811333850449355,6
"(1922.5763964014536, 810.0)",267,0.4894449326124696,0.21672324877828894,0.046968966561016116,0.43558492989014574,7
"(2026.4994448555863, 810.0)",0,nan,nan,nan,nan,0
"(2130.4224933097184, 810.0)",0,nan,nan,nan,nan,0
"(0.0, 900.0)",0,nan,nan,nan,nan,0
"(103.92304845413263, 900.0)",229,0.5716356128359572,0.3612266305263602,0.13048467860142757,0.590770087542024,8
"(207.84609690826525, 900.0)",163,0.447112822177431,0.1900392438356305,0.036114914197618225,0.4355614797578608,8
"(311.76914536239786, 900.0)",202,0.4271774078283086,0.2603738304930379,0.06779453160561724,0.5023300142572446,4
"(415.6921938165305, 900.0)",180,0.43428316933204436,0.13047581619770496,0.01702393861245729,0.3716501509717938,6
"(519.6152422706631, 900.0)",270,0.5666018870495743,0.22257850557929096,0.049541191145910456,0.45837589681195984,8
"(623.5382907247957, 900.0)",187,0.4904850572997417,0.3460003361842306,0.11971623263960059,0.577898425154462,7
"(727.4613391789284, 900.0)",56,0.7554853343407265,0.4679804573003548,0.2190057084150492,0.6567715968211957,5
"(831.384387633061, 900.0)",154,0.7829568656619122,0.40482545522864616,0.1638836492010806,0.6038453276975404,4
"(935.3074360871937, 900.0)",155,0.31451631679680636,0.4284107837427569,0.1835357996270832,0.6254075951382222,7
"(1039.2304845413262, 900.0)",137,0.578810062871019,0.27034344919496495,0.07308558052263059,0.5017436917623218,5
"(1143.1535329954588, 900.0)",286,0.5671947679174416,0.11777478523056854,0.013870900036106547,0.33287477880586835,8
"(1247.0765814495915, 900.0)",108,0.23724039148055476,0.06341278698710336,0.0040211815534717445,0.2779341379783504,9
"(1350.999629903724, 900.0)",210,0.5482144664089275,0.12790234190321623,0.01635900906432722,0.3558353359583229,10
"(1454.9226783578567, 900.0)",284,0.6221236780529305,0.0790719580212446,0.006252374545313469,0.2957818892917589,8
"(1558.8457268119894, 900.0)",146,0.4673439418476224,0.12880798141331784,0.016591496075773635,0.3754325934816149,3
"(1662.768775266122, 900.0)",95,0.4535591066559779,0.26638543489958916,0.07096119992664325,0.49267047588028684,6
"(1766.6918237202547, 900.0)",174,0.3216998285938574,0.13214705707918037,0.017462844694688156,0.3377757556345153,7
"(1870.6148721743873, 900.0)",219,0.7094979355579927,0.09700117181083212,0.009409227332674573,0.3227193436518285,7
"(1974.53792062852, 900.0)",116,0.6978963719706321,0.41733493696978835,0.1741684496155772,0.635604626613769,5
"(2078.4609690826524, 900.0)",0,nan,nan,nan,nan,0
"(51.96152422706631, 990.0)",103,0.6847931137209236,0.34457730676420834,0.11873352033687534,0.5838746866634316,5
"(155.88457268119893, 990.0)",228,0.6432625484803856,0.27345974791426864,0.07478023372933534,0.5137485945318555,7
"(259.80762113533154, 990.0)",125,0.37732792203134713,0.34445237482108554,0.1186474385198856,0.5315248224055886,8
"(363.7306695894642, 990.0)",162,0.6122362003750208,0.2927616402428869,0.08570937799770555,0.5369976075654733,6
"(467.6537180435968, 990.0)",191,0.44411562502409974,0.14061824951337956,0.01977349209620707,0.3709096832875369,7
"(571.5767664977294, 990.0)",159,0.41699804751297087,0.17048181090821912,0.029064047850545782,0.41332980997670066,7
"(675.499814951862, 990.0)",316,nan,0.12776299538862146,0.01632338299067291,0.3580941999883704,6
"(779.4228634059947, 990.0)",124,0.4331466643820967,0.12415165219529856,0.01541363274282238,0.3552119221188508,3
"(883.3459118601273, 990.0)",99,0.5796740407154424,0.5730003522244514,0.32832940364934543,0.751630311071443,5
"(987.26896031426, 990.0)",160,0.37964864077593996,0.20273426571723294,0.04110118249590561,0.43138792571749357,6
"(1091.1920087683925, 990.0)",131,0.3644625769217923,0.2567324092912051,0.06591152998046686,0.5100895416298376,6
"(1195.1150572225251, 990.0)",243,0.3448399203793491,0.15298190738279324,0.02340346398647753,0.39339298290352054,6
"(1299.0381056766578, 990.0)",182,0.7346036281934063,0.2903068283894836,0.08427805460956106,0.49751616925479175,6
"(1402.9611541307904, 990.0)",303,0.582039239276596,0.09752015829522713,0.009510181273926157,0.3303581989191551,6
"(1506.884202584923, 990.0)",135,0.4490206484801632,0.42403868969516817,0.17980881035839513,0.6393973024749128,7
"(1610.8072510390557, 990.0)",135,0.754575326551719,0.33095310633869585,0.10952995859523212,0.5639814844787638,9
"(1714.7302994931883, 990.0)",190,0.6092803144175285,0.1608704222306833,0.025879292748678322,0.39076225832277034,5
"(1818.653347947321, 990.0)",261,0.6119542131162441,0.17283250485815604,0.029871074735544532,0.4194950929621881,5
"(1922.5763964014536, 990.0)",143,0.8086556488648583,0.21831042413352653,0.04765944128536024,0.4674400590503298,6
"(2026.4994448555863, 990.0)",0,nan,nan,nan,nan,0
"(2130.4224933097184, 990.0)",0,nan,nan,nan,nan,0
"(0.0, 1080.0)",0,nan,nan,nan,nan,0
"(103.92304845413263, 1080.0)",198,0.6239010899904627,0.12298128115212263,0.015124395513817434,0.3571463199190332,5
"(207.84609690826525, 1080.0)",231,0.7353852031250095,0.514866267867723,0.2650872737880379,0.6660190029385867,7
"(311.76914536239786, 1080.0)",92,0.48745223415342465,0.45386662704672376,0.20599491514676985,0.6624460622992315,6
"(415.6921938165305, 1080.0)",99,0.7159008315162145,0.20574845915142514,0.04233242844318566,0.42027951292282056,8
"(519.6152422706631, 1080.0)",241,0.4789211264474651,0.15819645212906366,0.02502611746622313,0.4025295264581645,4
"(623.5382907247957, 1080.0)",200,0.4468927919926735,0.12058290761214607,0.014540237608199355,0.3389509483680108,7
"(727.4613391789284, 1080.0)",232,0.5997820228105524,0.03198945161407285,0.0010233250145691081,0.20107546775197246,10
"(831.384387633061, 1080.0)",191,0.46577040881293663,0.16245211733827578,0.02639069042768892,0.32109984505281086,6
"(935.3074360871937, 1080.0)",194,0.4640794185885466,0.32320581516572394,0.10446199895694011,0.5404093555338,9
"(1039.2304845413262, 1080.0)",206,0.4209291287237026,0.5408717333359568,0.2925422319218424,0.721177274276548,12
"(1143.1535329954588, 1080.0)",210,0.5183528209124645,0.33158222580942004,0.10994677247272922,0.5070117867601376,10
"(1247.0765814495915, 1080.0)",287,0.3990326105448685,0.3844570034336238,0.14780718748916144,0.571860083116618,7
"(1350.999629903724, 1080.0)",164,0.32740798433651386,0.23594777494927052,0.05567135250351161,0.47296399385259974,8
"(1454.9226783578567, 1080.0)",158,0.6837211581356857,0.4571682852373602,0.20900284102686834,0.6626128181785547,7
"(1558.8457268119894, 1080.0)",77,0.4678963904964709,0.418891361223621,0.1754699725077781,0.6087748302733019,4
"(1662.768775266122, 1080.0)",146,0.7545618245359487,0.2443579263706487,0.059710796180163374,0.49419625695838226,5
"(1766.6918237202547, 1080.0)",188,0.7748808596202184,0.2865919592405528,0.08213495110133869,0.5269244027343326,5
"(1870.6148721743873, 1080.0)",174,0.5502099055176908,0.1761157589568915,0.031016760552961906,0.4209371395385042,6
"(1974.53792062852, 1080.0)",186,nan,nan,nan,nan,2
"(2078.4609690826524, 1080.0)",0,nan,nan,nan,nan,0
"(51.96152422706631, 1170.0)",79,0.4866541950874782,0.020518843178885932,0.00042102292539971374,0.20451044624220174,3
"(155.88457268119893, 1170.0)",201,0.7236755788685201,0.3190386243379321,0.10178564381944018,0.5524783464770134,6
"(259.80762113533154, 1170.0)",116,0.3809277555255294,0.3064216770395254,0.0938942441597152,0.5496086430433383,6
"(363.7306695894642, 1170.0)",177,0.5517680290449332,0.33097186614339424,0.10954237617844088,0.5595678966774386,7
"(467.6537180435968, 1170.0)",226,0.3464780421721997,0.18214442744009052,0.0331765924474784,0.43080756228920825,8
"(571.5767664977294, 1170.0)",208,0.5423487391925456,0.10452161458362623,0.010924767915168108,0.33410490283305366,9
"(675.499814951862, 1170.0)",190,0.5600111567079586,0.07646905965743529,0.005847517084892398,0.26430416271930046,11
"(779.4228634059947, 1170.0)",308,0.5246249218332204,0.03956836767911683,0.0015656557207897775,0.20955883995491167,9
"(883.3459118601273, 1170.0)",233,0.6098363167322624,0.2720179374404994,0.07399375828938344,0.4822664933697505,10
"(987.26896031426, 1170.0)",111,0.5312278612785521,0.5490830590315589,0.3014922057154543,0.692766851439789,7
"(1091.1920087683925, 1170.0)",156,0.7174464793333108,0.46023076243358946,0.21181235469020307,0.65169043325376,8
"(1195.1150572225251, 1170.0)",50,0.5074111945338022,0.24612100676040014,0.06057554996875293,0.49728265113430775,5
"(1299.0381056766578, 1170.0)",276,0.6373373673433111,0.23683399809137592,0.05609034265194585,0.4785211888824911,6
"(1402.9611541307904, 1170.0)",190,0.4886626716468252,0.3152091265510893,0.09935679346110063,0.5551407323311651,7
"(1506.884202584923, 1170.0)",40,nan,0.6289068980250789,0.39552388638352703,0.7618323895637761,4
"(1610.8072510390557, 1170.0)",167,0.4400811629312692,0.32669252630201245,0.1067280067415911,0.5620504315945382,5
"(1714.7302994931883, 1170.0)",146,0.6686670719580866,0.3938807096792931,0.1551420134574636,0.618056613393713,6
"(1818.653347947321, 1170.0)",267,0.5608011403073538,0.19455821009259702,0.037852897114435125,0.4279179605256167,7
"(1922.5763964014536, 1170.0)",176,0.5314993958975137,0.191018994491888,0.036488256256691935,0.44178770086758457,7
"(2026.4994448555863, 1170.0)",0,nan,nan,nan,nan,0
"(2130.4224933097184, 1170.0)",0,nan,nan,nan,nan,0
"(0.0, 1260.0)",0,nan,nan,nan,nan,0
"(103.92304845413263, 1260.0)",183,0.26503278907723804,0.14964703404692617,0.02239423479904188,0.3764876230011145,6
"(207.84609690826525, 1260.0)",170,0.39455177845213985,0.27943242412838337,0.07808247965426474,0.5205915541383452,8
"(311.76914536239786, 1260.0)",254,0.5915536905653394,0.21483961738330515,0.04615606119740495,0.4530968108643339,10
"(415.6921938165305, 1260.0)",171,0.3330683425854538,0.06437934348324803,0.004144699867334031,0.26900643971263993,8
"(519.6152422706631, 1260.0)",228,0.5468005990805379,0.05500545158746931,0.0030255997043414306,0.2572190493511103,9
"(623.5382907247957, 1260.0)",73,0.5745028447243044,0.28642525731181917,0.08203942802614182,0.5299667032802121,4
"(727.4613391789284, 1260.0)",112,0.5654787843058522,0.13906732784348153,0.01933972167352637,0.378268305372111,9
"(831.384387633061, 1260.0)",199,0.41724890544158966,0.14097171695501656,0.019873024981245303,0.37759323559717206,8
"(935.3074360871937, 1260.0)",147,0.5172398588849754,0.13834178703375258,0.019138450039692154,0.36975979552553584,9
"(1039.2304845413262, 1260.0)",190,0.6481959713051528,0.3371239685204758,0.11365257015099478,0.5530211356014,6
"(1143.1535329954588, 1260.0)",178,0.4996817413374768,0.15027759387899886,0.022583355222061317,0.39617652113096136,5
"(1247.0765814495915, 1260.0)",274,0.537133168285625,0.260470761709336,0.06784501770544168,0.49865696569018986,7
"(1350.999629903724, 1260.0)",177,0.6458523227468449,0.4726745818528862,0.2234212603298008,0.678891896841356,9
"(1454.9226783578567, 1260.0)",123,0.48060632887166654,0.4102950973202115,0.16834206688500183,0.6292914359384185,8
"(1558.8457268119894, 1260.0)",201,0.6194353474900967,0.17501105760377675,0.030628870283592464,0.4182946746682605,7
"(1662.768775266122, 1260.0)",103,0.6799281668508436,0.14713891195372072,0.02164985941092478,0.32187647626093613,5
"(1766.6918237202547, 1260.0)",148,0.500307678120089,0.12615482417642623,0.015915039662985016,0.34809463954129466,5
"(1870.6148721743873, 1260.0)",225,0.5748585941895767,0.5343067288058744,0.2854836804472342,0.7017257345505902,7
"(1974.53792062852, 1260.0)",145,nan,nan,nan,nan,6
"(2078.4609690826524, 1260.0)",0,nan,nan,nan,nan,0
"(51.96152422706631, 1350.0)",0,nan,nan,nan,nan,0
"(155.88457268119893, 1350.0)",204,0.4001636803218873,0.15916405800329692,0.025333197360076866,0.37043840842368997,8
"(259.80762113533154, 1350.0)",229,0.4627684576245805,0.29735150305523644,0.08841791636920829,0.5241062685751755,7
"(363.7306695894642, 1350.0)",126,0.5975054500527633,0.06199740562276723,0.00384367830395393,0.27110811114642214,7
"(467.6537180435968, 1350.0)",89,0.5822519736142762,0.1273857852755885,0.016227138290278338,0.30525761078747554,5
"(571.5767664977294, 1350.0)",104,0.38468679011031426,0.22524045001719095,0.0507332603239467,0.4814872358731525,6
"(675.499814951862, 1350.0)",174,0.25322697330060817,0.2456736476861253,0.060355541167406414,0.4745491076975245,7
"(779.4228634059947, 1350.0)",109,0.25226555463184286,0.039445850617947066,0.001555975130973395,0.22616512606173736,9
"(883.3459118601273, 1350.0)",136,0.5024649236376502,0.196829327707023,0.03874178424559865,0.43707758541239555,8
"(987.26896031426, 1350.0)",229,0.47345328611734694,0.23656270223523035,0.055961912088834255,0.4903907462498378,5
"(1091.1920087683925, 1350.0)",150,0.27972956863666965,0.31206977071878267,0.09738754179647359,0.5521173106688381,6
"(1195.1150572225251, 1350.0)",75,0.5177539718476442,0.5453258753787306,0.2973803103575788,0.7237445414378026,9
"(1299.0381056766578, 1350.0)",137,0.6884638097413746,0.5301400195877565,0.2810484403685068,0.7151378649339951,5
"(1402.9611541307904, 1350.0)",135,0.11668448798761044,0.19057104274580747,0.03631732233322438,0.44001258010752237,7
"(1506.884202584923, 1350.0)",172,0.335376147900484,0.17588422056481648,0.03093525904369301,0.418239970922176,8
"(1610.8072510390557, 1350.0)",133,0.3640235069185308,0.31461791858597504,0.09898443469537122,0.5479648629449828,6
"(1714.7302994931883, 1350.0)",142,0.7155660003702615,0.28916586755086543,0.08361689895644465,0.5299767848736614,7
"(1818.653347947321, 1350.0)",137,0.42154153915406734,0.23885841152464785,0.05705334075607802,0.4877053030885954,5
"(1922.5763964014536, 1350.0)",186,0.49105456673421366,0.19298419333836225,0.03724289887845838,0.43927767667604756,6
"(2026.4994448555863, 1350.0)",0,nan,nan,nan,nan,0
"(2130.4224933097184, 1350.0)",0,nan,nan,nan,nan,0
"(0.0, 1440.0)",0,nan,nan,nan,nan,0
"(103.92304845413263, 1440.0)",104,0.5834128654656251,0.10466928211905346,0.010955658619318005,0.30730247295564656,5
"(207.84609690826525, 1440.0)",289,0.5119534525074159,0.17740020292028066,0.03147083199615676,0.4195604825373446,8
"(311.76914536239786, 1440.0)",190,0.41551778885071156,0.09720427950234785,0.009448671953570562,0.32326807088153564,8
"(415.6921938165305, 1440.0)",221,0.3518872799992325,0.21734502179183832,0.04723885849769467,0.45996896044550367,6
"(519.6152422706631, 1440.0)",175,0.4682809775994117,0.3326095280976984,0.11062909818137362,0.5512011836962859,4
"(623.5382907247957, 1440.0)",124,0.4662336118089132,0.30785390970879384,0.09477402972299019,0.5098005575675967,8
"(727.4613391789284, 1440.0)",131,0.3624702651510908,0.192277427826002,0.0369706092513834,0.43583210391591476,7
"(831.384387633061, 1440.0)",185,0.3939176694450325,0.1991066147695014,0.03964344404497063,0.44398835111844787,6
"(935.3074360871937, 1440.0)",278,0.538341195197862,0.12538622685581058,0.015721705885136793,0.36925267639429976,7
"(1039.2304845413262, 1440.0)",254,0.6183663243594526,0.12309058680726781,0.015151292560557533,0.35872548228328044,5
"(1143.1535329954588, 1440.0)",210,0.6339593580599325,0.276414828676657,0.07640515751234564,0.5065634992945574,6
"(1247.0765814495915, 1440.0)",207,0.5440284066598495,0.4934588487317793,0.24350163539169306,0.6936543847307831,7
"(1350.999629903724, 1440.0)",216,0.39600081884146054,0.2791286370815815,0.07791279603902122,0.5260177109303986,6
"(1454.9226783578567, 1440.0)",282,0.4949360525442059,0.3701609372326528,0.13701911945295595,0.5934370216782151,9
"(1558.8457268119894, 1440.0)",126,0.2516801539360085,0.28048096382100146,0.07866957106595793,0.5184698360890473,6
"(1662.768775266122, 1440.0)",119,0.60418994511991,0.23479929779480627,0.055130710244934114,0.4911651057864162,5
"(1766.6918237202547, 1440.0)",177,0.46778823541855796,0.3140988254455092,0.09865807214624847,0.5474033215939009,7
"(1870.6148721743873, 1440.0)",158,0.5986575372447434,0.2667109164695826,0.07113471296404468,0.513733132514702,5
"(1974.53792062852, 1440.0)",47,nan,nan,nan,nan,3
"(2078.4609690826524, 1440.0)",0,nan,nan,nan,nan,0
"(51.96152422706631, 1530.0)",0,nan,nan,nan,nan,0
"(155.88457268119893, 1530.0)",233,0.5092627464632621,0.09804350986403725,0.009612529826459569,0.2925703920385197,6
"(259.80762113533154, 1530.0)",279,0.5944660787897261,0.1077599518112385,0.011612207214360444,0.34182492132856074,11
"(363.7306695894642, 1530.0)",66,0.4092802930660171,0.1457244212591565,0.021235606951316103,0.3957477299420394,6
"(467.6537180435968, 1530.0)",63,0.35285731241603413,0.19398786698232176,0.03763129253635096,0.4335157656255437,6
"(571.5767664977294, 1530.0)",250,0.5686151089432507,0.1580886360159172,0.02499201683737315,0.4012588048548971,8
"(675.499814951862, 1530.0)",195,0.5211899547770513,0.19508938878048232,0.038059869614742184,0.4426538047653805,8
"(779.4228634059947, 1530.0)",209,0.5222478111592398,0.12073206806041943,0.01457623225814575,0.3567132020806049,4
"(883.3459118601273, 1530.0)",134,0.6218037063039925,0.08315394337541841,0.0069145782988822915,0.2968722200496255,5
"(987.26896031426, 1530.0)",222,0.42275929093817033,0.19453051709254798,0.037842122080294104,0.44149335215215463,7
"(1091.1920087683925, 1530.0)",125,0.29608352277942274,0.1942163528600125,0.03771999171824488,0.43471862012412066,8
"(1195.1150572225251, 1530.0)",242,0.36882979133138083,0.22962604802511946,0.05272812193163447,0.4742996196306351,8
"(1299.0381056766578, 1530.0)",219,0.4769833770217706,0.23358054408570705,0.05455987057537494,0.47753145907353045,10
"(1402.9611541307904, 1530.0)",138,0.4174535680383922,0.20556479768347682,0.04225688604664876,0.4571755852694442,7
"(1506.884202584923, 1530.0)",80,0.5377041791268515,0.19496923617111098,0.03801300305314645,0.4428928110915618,6
"(1610.8072510390557, 1530.0)",180,0.3711350834853768,0.13845540119265798,0.019169898119419878,0.3838736588066134,7
"(1714.7302994931883, 1530.0)",241,0.48790377844949917,0.14603078077028706,0.02132498893237964,0.3838571960897878,9
"(1818.653347947321, 1530.0)",218,0.7697717273248363,0.3339603494293914,0.11152951499100121,0.5745435998501821,7
"(1922.5763964014536, 1530.0)",112,nan,nan,nan,nan,5
"(2026.4994448555863, 1530.0)",0,nan,nan,nan,nan,0
"(2130.4224933097184, 1530.0)",0,nan,nan,nan,nan,0
"(0.0, 1620.0)",0,nan,nan,nan,nan,0
"(103.92304845413263, 1620.0)",77,0.38037346993321997,0.08458068864855299,0.00715389289226346,0.2695771767753951,3
"(207.84609690826525, 1620.0)",181,0.5978662559903952,0.26061043674243045,0.06791779973908034,0.46812147618020084,8
"(311.76914536239786, 1620.0)",139,0.46416549833189213,0.2221891924862239,0.049368037257680256,0.4712973758399916,6
"(415.6921938165305, 1620.0)",197,0.35431747665480473,0.11957474159480053,0.014298118827463319,0.3624328698133561,9
"(519.6152422706631, 1620.0)",226,0.6545531220009297,0.1786890079622124,0.03192976156651961,0.4205982008106574,5
"(623.5382907247957, 1620.0)",53,0.3688986836944753,0.21878163974909434,0.0478654058913025,0.46313934028794956,8
"(727.4613391789284, 1620.0)",243,0.37388429950844293,0.15806708653066068,0.02498520384429137,0.4073824169332801,7
"(831.384387633061, 1620.0)",165,0.41806942494013477,0.22621660788962092,0.0511739536850865,0.471326002991292,6
"(935.3074360871937, 1620.0)",218,0.8437551051006372,0.2833696502743997,0.0802983586966356,0.5277689886914523,4
"(1039.2304845413262, 1620.0)",127,0.5565542235735663,0.21126887542022113,0.04463453772132492,0.45412326853390184,6
"(1143.1535329954588, 1620.0)",115,0.3678279431982189,0.2122711808503673,0.045059054219609346,0.44712872465210546,3
"(1247.0765814495915, 1620.0)",198,0.47190870446958877,0.15911884711234733,0.025318807506362565,0.39357018174754366,6
"(1350.999629903724, 1620.0)",165,nan,0.2933701915420484,0.08606606928541817,0.5290970387303943,7
"(1454.9226783578567, 1620.0)",144,0.39783439905814744,0.3796510704918572,0.1441349353256131,0.6034921588921666,3
"(1558.8457268119894, 1620.0)",151,0.4717889426771973,0.16779149834413257,0.028153986916569042,0.41537184868907495,9
"(1662.768775266122, 1620.0)",191,0.5936058152369849,0.20296427993903285,0.041194498931170095,0.4498332725493106,7
"(1766.6918237202547, 1620.0)",212,0.6772076555857875,0.39961183620776125,0.1596896196373386,0.624550907352044,7
"(1870.6148721743873, 1620.0)",126,0.1503644343576347,0.35687920710526133,0.12736276846408,0.5580966756314718,6
"(1974.53792062852, 1620.0)",36,nan,nan,nan,nan,2
"(2078.4609690826524, 1620.0)",0,nan,nan,nan,nan,0
"(51.96152422706631, 1710.0)",25,nan,nan,nan,nan,2
"(155.88457268119893, 1710.0)",51,0.21343972693809865,0.16606816727235593,0.02757863618119919,0.3947345745396434,6
"(259.80762113533154, 1710.0)",134,0.38334905995196966,0.16243040461206912,0.026383636342440484,0.40431003473179666,6
"(363.7306695894642, 1710.0)",167,0.18586109191410183,0.08077872379098916,0.0065252022173009185,0.2980845614509217,8
"(467.6537180435968, 1710.0)",254,0.3834652730159023,0.18110451964981986,0.032798847037591984,0.42574159266371964,7
"(571.5767664977294, 1710.0)",142,0.2958799320089185,0.1642473659325827,0.026977197215791733,0.40351509900844246,10
"(675.499814951862, 1710.0)",266,0.5125568240432586,0.20446019315195776,0.041803970583735875,0.44904367179170074,7
"(779.4228634059947, 1710.0)",162,0.49856405222292355,0.20333823742373838,0.0413464387985926,0.44251358016123393,5
"(883.3459118601273, 1710.0)",229,0.7845738835927656,0.20298922878229653,0.04120462700163152,0.4553601456424265,5
"(987.26896031426, 1710.0)",192,0.5729281150634518,0.20789756420862146,0.04322139720387788,0.4500446383673597,7
"(1091.1920087683925, 1710.0)",135,0.38027788875410884,0.43648595953934083,0.1905199928749791,0.6547610370863005,6
"(1195.1150572225251, 1710.0)",105,0.5647193857540227,0.180562251719792,0.03260272674612153,0.4217640159393059,4
"(1299.0381056766578, 1710.0)",159,0.6285250950316081,0.17471708073313397,0.030526058299908454,0.40886487008369105,5
"(1402.9611541307904, 1710.0)",259,0.5413480423447797,0.3638517155891529,0.1323880709371698,0.5889315051639439,5
"(1506.884202584923, 1710.0)",220,0.5057722669019067,0.32814197796237804,0.1076771577010618,0.560153158952112,6
"(1610.8072510390557, 1710.0)",125,0.7502464585013894,0.4804411675976152,0.23082371552255976,0.6851033575369602,8
"(1714.7302994931883, 1710.0)",247,0.7149705835752538,0.399382289523562,0.1595062131850823,0.624507741259619,9
"(1818.653347947321, 1710.0)",262,0.4853660951470623,0.29234912376995686,0.08546801016906155,0.5306468740121287,7
"(1922.5763964014536, 1710.0)",216,0.7406500474497106,0.326871724703171,0.10684512441042561,0.5632370825621457,8
"(2026.4994448555863, 1710.0)",0,nan,nan,nan,nan,0
"(2130.4224933097184, 1710.0)",0,nan,nan,nan,nan,0
"(0.0, 1800.0)",0,nan,nan,nan,nan,1
"(103.92304845413263, 1800.0)",42,nan,0.1268595575537085,0.01609334734272268,0.37937807368587406,2
"(207.84609690826525, 1800.0)",119,0.507229163392708,0.2364535596901852,0.05591028589015997,0.46709745397010094,4
"(311.76914536239786, 1800.0)",129,0.48962122661227425,0.2321650452529743,0.0539006082373156,0.47184916324296106,5
"(415.6921938165305, 1800.0)",95,0.27438666462311034,0.10450872736832095,0.010922074096146038,0.3196230713188671,8
"(519.6152422706631, 1800.0)",272,0.2896808206211995,0.11185408574538085,0.01251133649793501,0.3432934049544906,10
"(623.5382907247957, 1800.0)",153,0.34506789967432894,0.1315534072576682,0.017306298961101908,0.36019828396649706,8
"(727.4613391789284, 1800.0)",139,0.7028546845174861,0.3477051715678266,0.12089888633501172,0.5882356327411363,5
"(831.384387633061, 1800.0)",133,0.43126869629711684,0.1305679605881691,0.01704799233215368,0.3669989969546635,5
"(935.3074360871937, 1800.0)",182,0.4117419188620105,0.23096826376409899,0.0533463388662024,0.4799780472156055,7
"(1039.2304845413262, 1800.0)",113,0.6792012894905572,0.14859743757565158,0.02208119845404967,0.3891336885153331,6
"(1143.1535329954588, 1800.0)",154,0.4317433930709861,0.1041586271508023,0.010849019609939852,0.3190292511670301,7
"(1247.0765814495915, 1800.0)",208,0.33751130112873784,0.20352709085823517,0.041423276713216314,0.4509412013786232,7
"(1350.999629903724, 1800.0)",101,0.8203313919108388,0.3280948027140609,0.10764619956797854,0.5693077789773106,4
"(1454.9226783578567, 1800.0)",138,0.5117679255520081,0.43943457664767666,0.1931027471535228,0.6551852576836731,8
"(1558.8457268119894, 1800.0)",179,0.48495312198186,0.2396434052853289,0.0574289616967484,0.4856639653234079,5
"(1662.768775266122, 1800.0)",157,0.3417801407281734,0.4369702910827504,0.1909430352889436,0.6556792335421928,6
"(1766.6918237202547, 1800.0)",1,nan,nan,nan,0.8848615023632304,1
"(1870.6148721743873, 1800.0)",0,nan,nan,nan,nan,1
"(1974.53792062852, 1800.0)",0,nan,nan,nan,nan,0
"(2078.4609690826524, 1800.0)",0,nan,nan,nan,nan,0
"(51.96152422706631, 1890.0)",37,nan,nan,nan,nan,1
"(155.88457268119893, 1890.0)",0,nan,nan,nan,nan,0
"(259.80762113533154, 1890.0)",0,nan,nan,nan,nan,1
"(363.7306695894642, 1890.0)",83,0.48848099803255884,0.10640314538444866,0.011321629347704117,0.31925783560979243,5
"(467.6537180435968, 1890.0)",142,0.6566958658512738,0.16517207124874492,0.027281813120600466,0.41074014245488183,5
"(571.5767664977294, 1890.0)",164,0.4536403816886574,0.12258184434432917,0.015026308562857346,0.3662408351162807,7
"(675.499814951862, 1890.0)",224,0.45094580211313573,0.21651688107470454,0.04687955979031775,0.44677515208816637,6
"(779.4228634059947, 1890.0)",193,0.6058716561016675,0.11905481262318074,0.014174048408740677,0.34837019579231193,5
"(883.3459118601273, 1890.0)",305,0.45743484545892543,0.1515608686394169,0.022970696902734584,0.3853039937887715,7
"(987.26896031426, 1890.0)",193,0.4300643820023127,0.2645361042542563,0.06997935045401875,0.5211821444902408,6
"(1091.1920087683925, 1890.0)",247,0.6090945426718246,0.18238979357548768,0.033266036800509005,0.40741690881281306,10
"(1195.1150572225251, 1890.0)",242,0.40936644081100326,0.13340676103388271,0.017797363889551488,0.37111022539197397,6
"(1299.0381056766578, 1890.0)",207,0.7278136155564001,0.3244626110874511,0.10527598599368655,0.5636843981679159,5
"(1402.9611541307904, 1890.0)",229,0.7322428385529459,0.49766400645989806,0.24766946332571746,0.6932598096739887,10
"(1506.884202584923, 1890.0)",307,0.42073851629123604,0.2789282411918892,0.07780096373440071,0.5181006733877312,9
"(1610.8072510390557, 1890.0)",181,0.3693446632774028,0.4935995317853581,0.24364049777872474,0.6894906470358952,6
"(1714.7302994931883, 1890.0)",156,nan,0.29209126996418816,0.08531730998929225,0.4847645948035915,4
"(1818.653347947321, 1890.0)",164,0.8104859087177244,0.3740106556648988,0.13988397055088747,0.6069100742296955,4
"(1922.5763964014536, 1890.0)",75,nan,nan,nan,nan,3
"(2026.4994448555863, 1890.0)",0,nan,nan,nan,nan,0
"(2130.4224933097184, 1890.0)",0,nan,nan,nan,nan,0
"(0.0, 1980.0)",0,nan,nan,nan,nan,0
"(103.92304845413263, 1980.0)",2,nan,nan,nan,nan,1
"(207.84609690826525, 1980.0)",0,nan,nan,nan,nan,0
"(311.76914536239786, 1980.0)",0,nan,nan,nan,nan,0
"(415.6921938165305, 1980.0)",4,nan,nan,nan,nan,1
"(519.6152422706631, 1980.0)",0,nan,nan,nan,nan,0
"(623.5382907247957, 1980.0)",0,nan,nan,nan,nan,0
"(727.4613391789284, 1980.0)",35,0.5026191376109509,0.43944053692129587,0.19310798548967678,0.6237232080441928,3
"(831.384387633061, 1980.0)",42,nan,0.3416663403938187,0.1167358881581048,0.5919009924006247,1
"(935.3074360871937, 1980.0)",6,0.4886287877272817,0.5594270287030653,0.31295860044354024,0.7357557403448794,3
"(1039.2304845413262, 1980.0)",29,nan,0.4036091628519008,0.16290035633801217,0.6267734075946473,1
"(1143.1535329954588, 1980.0)",45,nan,0.5540681881477495,0.30699155711732995,0.7280594600732182,1
"(1247.0765814495915, 1980.0)",0,nan,nan,nan,nan,0
"(1350.999629903724, 1980.0)",0,nan,nan,nan,nan,1
"(1454.9226783578567, 1980.0)",39,0.6156331131701587,0.5838961937033146,0.34093476502121867,0.7537253876675362,4
"(1558.8457268119894, 1980.0)",32,nan,0.8699907444993965,0.7568838955146142,0.929239849501455,1
"(1662.768775266122, 1980.0)",0,nan,nan,nan,nan,0
"(1766.6918237202547, 1980.0)",0,nan,nan,nan,nan,1
"(1870.6148721743873, 1980.0)",0,nan,nan,nan,nan,0
"(1974.53792062852, 1980.0)",0,nan,nan,nan,nan,0
"(2078.4609690826524, 1980.0)",0,nan,nan,nan,nan,0
"(51.96152422706631, 2070.0)",0,nan,nan,nan,nan,0
"(155.88457268119893, 2070.0)",0,nan,nan,nan,nan,0
"(259.80762113533154, 2070.0)",0,nan,nan,nan,nan,0
"(363.7306695894642, 2070.0)",0,nan,nan,nan,nan,0
"(467.6537180435968, 2070.0)",0,nan,nan,nan,nan,0
"(571.5767664977294, 2070.0)",0,nan,nan,nan,nan,0
"(675.499814951862, 2070.0)",0,nan,nan,nan,nan,0
"(779.4228634059947, 2070.0)",0,nan,nan,nan,nan,0
"(883.3459118601273, 2070.0)",0,nan,nan,nan,nan,0
"(987.26896031426, 2070.0)",0,nan,nan,nan,nan,0
"(1091.1920087683925, 2070.0)",0,nan,nan,nan,nan,0
"(1195.1150572225251, 2070.0)",0,nan,nan,nan,nan,0
"(1299.0381056766578, 2070.0)",0,nan,nan,nan,nan,0
"(1402.9611541307904, 2070.0)",0,nan,nan,nan,nan,0
"(1506.884202584923, 2070.0)",0,nan,nan,nan,nan,0
"(1610.8072510390557, 2070.0)",0,nan,nan,nan,nan,0
"(1714.7302994931883, 2070.0)",0,nan,nan,nan,nan,0
"(1818.653347947321, 2070.0)",0,nan,nan,nan,nan,0
"(1922.5763964014536, 2070.0)",0,nan,nan,nan,nan,0
"(2026.4994448555863, 2070.0)",0,nan,nan,nan,nan,0
"(2130.4224933097184, 2070.0)",0,nan,nan,nan,nan,0
