Line_Density_256,Length_256,Mass_256,Filament_pixels_256
135.37691768815702,69.32639999999999,9385.194346416249,"[(np.int64(58), np.int64(32), np.float64(0.07243951554239056), 13), (np.int64(55), np.int64(33), np.float64(0.013801846697588164), 13), (np.int64(56), np.int64(33), np.float64(0.02442133459519239), 13), (np.int64(57), np.int64(33), np.float64(0.0433994090816695), 13), (np.int64(59), np.int64(33), np.float64(0.07692681764573117), 13), (np.int64(60), np.int64(33), np.float64(0.07944939264195268), 13), (np.int64(61), np.int64(33), np.float64(0.07175878948034332), 13), (np.int64(62), np.int64(34), np.float64(0.05385870767643532), 13), (np.int64(63), np.int64(34), np.float64(0.04038802304026912), 13), (np.int64(64), np.int64(35), np.float64(0.05080939123925782), 13), (np.int64(65), np.int64(35), np.float64(0.06665606824690358), 13), (np.int64(66), np.int64(35), np.float64(0.06896711090489113), 13), (np.int64(67), np.int64(35), np.float64(0.05029293473304565), 13)]"
132.57190105927108,106.65599999999999,14139.588679377615,"[(np.int64(47), np.int64(34), np.float64(0.03285833711839294), 20), (np.int64(48), np.int64(34), np.float64(0.027083950013009277), 20), (np.int64(49), np.int64(34), np.float64(0.017891934900269076), 20), (np.int64(50), np.int64(34), np.float64(0.012596875471551307), 20), (np.int64(46), np.int64(35), np.float64(0.03217121781828651), 20), (np.int64(43), np.int64(36), np.float64(0.017872084303262), 20), (np.int64(44), np.int64(36), np.float64(0.017979567981270123), 20), (np.int64(45), np.int64(36), np.float64(0.022042238314954925), 20), (np.int64(41), np.int64(37), np.float64(0.053610686238721755), 20), (np.int64(42), np.int64(37), np.float64(0.036868082533954724), 20), (np.int64(40), np.int64(38), np.float64(0.07567710842732836), 20), (np.int64(39), np.int64(39), np.float64(0.0739817377525479), 20), (np.int64(38), np.int64(40), np.float64(0.05495406110236197), 20), (np.int64(37), np.int64(41), np.float64(0.035886005571735574), 20), (np.int64(35), np.int64(42), np.float64(0.018009567243575438), 20), (np.int64(36), np.int64(42), np.float64(0.021855888282511195), 20), (np.int64(34), np.int64(43), np.float64(0.024391845293770146), 20), (np.int64(33), np.int64(44), np.float64(0.03521077479501537), 20), (np.int64(31), np.int64(45), np.float64(0.02189563065302895), 20), (np.int64(32), np.int64(45), np.float64(0.0326032102750862), 20)]"
144.52049209774393,245.3088,35452.14849190704,"[(np.int64(52), np.int64(47), np.float64(0.1539295228573084), 46), (np.int64(53), np.int64(47), np.float64(0.15072429979475072), 46), (np.int64(54), np.int64(47), np.float64(0.14520643782611153), 46), (np.int64(55), np.int64(47), np.float64(0.14351305638070722), 46), (np.int64(56), np.int64(47), np.float64(0.15159567489518944), 46), (np.int64(57), np.int64(47), np.float64(0.17156063544863673), 46), (np.int64(58), np.int64(47), np.float64(0.19904336747886525), 46), (np.int64(59), np.int64(47), np.float64(0.2219780274143729), 46), (np.int64(60), np.int64(47), np.float64(0.2271644208666261), 46), (np.int64(61), np.int64(47), np.float64(0.2101179947699178), 46), (np.int64(62), np.int64(47), np.float64(0.1814969777856349), 46), (np.int64(48), np.int64(48), np.float64(0.07388216955075279), 46), (np.int64(49), np.int64(48), np.float64(0.10996528972396244), 46), (np.int64(50), np.int64(48), np.float64(0.14526498888442782), 46), (np.int64(51), np.int64(48), np.float64(0.16708240933322974), 46), (np.int64(63), np.int64(48), np.float64(0.20188274852647778), 46), (np.int64(64), np.int64(48), np.float64(0.17553136177603507), 46), (np.int64(65), np.int64(48), np.float64(0.1333373547485548), 46), (np.int64(66), np.int64(48), np.float64(0.09545784051355265), 46), (np.int64(67), np.int64(48), np.float64(0.0860061784564078), 46), (np.int64(68), np.int64(48), np.float64(0.09827680170626259), 46), (np.int64(47), np.int64(49), np.float64(0.06590355468704509), 46), (np.int64(69), np.int64(49), np.float64(0.13829186016255762), 46), (np.int64(46), np.int64(50), np.float64(0.08252012924762589), 46), (np.int64(70), np.int64(50), np.float64(0.19713270595141996), 46), (np.int64(46), np.int64(51), np.float64(0.0986926005242167), 46), (np.int64(71), np.int64(51), np.float64(0.2819685711198481), 46), (np.int64(45), np.int64(52), np.float64(0.10671587442520539), 46), (np.int64(72), np.int64(52), np.float64(0.3384662099932858), 46), (np.int64(45), np.int64(53), np.float64(0.08923379225624183), 46), (np.int64(72), np.int64(53), np.float64(0.3411484121893121), 46), (np.int64(45), np.int64(54), np.float64(0.06744405795965447), 46), (np.int64(57), np.int64(54), np.float64(0.11331910388507793), 46), (np.int64(45), np.int64(55), np.float64(0.0668191499617701), 46), (np.int64(52), np.int64(55), np.float64(0.13980416456998682), 46), (np.int64(53), np.int64(55), np.float64(0.17073812103755398), 46), (np.int64(54), np.int64(55), np.float64(0.18628074241661863), 46), (np.int64(55), np.int64(55), np.float64(0.18036241972916503), 46), (np.int64(56), np.int64(55), np.float64(0.15418766207067702), 46), (np.int64(45), np.int64(56), np.float64(0.08602854713823718), 46), (np.int64(49), np.int64(56), np.float64(0.07377455110496141), 46), (np.int64(50), np.int64(56), np.float64(0.08761961955392478), 46), (np.int64(51), np.int64(56), np.float64(0.10435973532131362), 46), (np.int64(46), np.int64(57), np.float64(0.09533170976126804), 46), (np.int64(47), np.int64(57), np.float64(0.08108706651540479), 46), (np.int64(48), np.int64(57), np.float64(0.0721581777748148), 46)]"
150.57128962246108,85.3248,12847.465172778568,"[(np.int64(76), np.int64(56), np.float64(0.18296469185496653), 16), (np.int64(77), np.int64(56), np.float64(0.19195469668405557), 16), (np.int64(78), np.int64(56), np.float64(0.18775038259967325), 16), (np.int64(79), np.int64(56), np.float64(0.17307687660795534), 16), (np.int64(80), np.int64(56), np.float64(0.16717575800813222), 16), (np.int64(81), np.int64(56), np.float64(0.16923117722154057), 16), (np.int64(82), np.int64(56), np.float64(0.16097264849604467), 16), (np.int64(75), np.int64(57), np.float64(0.17086512686856795), 16), (np.int64(83), np.int64(57), np.float64(0.13067518536954287), 16), (np.int64(84), np.int64(57), np.float64(0.11850432705819051), 16), (np.int64(85), np.int64(58), np.float64(0.12576462397698063), 16), (np.int64(86), np.int64(58), np.float64(0.1351833799133522), 16), (np.int64(87), np.int64(59), np.float64(0.17263688966708643), 16), (np.int64(88), np.int64(60), np.float64(0.16825637450597966), 16), (np.int64(89), np.int64(61), np.float64(0.13574904121154527), 16), (np.int64(90), np.int64(62), np.float64(0.08558977281866202), 16)]"
158.182304275728,117.32159999999999,18558.20102931525,"[(np.int64(65), np.int64(59), np.float64(0.2143926726730862), 22), (np.int64(66), np.int64(59), np.float64(0.21281486591315482), 22), (np.int64(67), np.int64(59), np.float64(0.20423482350255023), 22), (np.int64(68), np.int64(59), np.float64(0.1904552346078963), 22), (np.int64(63), np.int64(60), np.float64(0.2044474183817535), 22), (np.int64(64), np.int64(60), np.float64(0.1971730123974611), 22), (np.int64(62), np.int64(61), np.float64(0.18303738007884082), 22), (np.int64(61), np.int64(62), np.float64(0.16388848416516705), 22), (np.int64(61), np.int64(63), np.float64(0.1506990193726317), 22), (np.int64(61), np.int64(64), np.float64(0.15360513252736638), 22), (np.int64(60), np.int64(65), np.float64(0.14474296629523506), 22), (np.int64(57), np.int64(66), np.float64(0.24141185337344978), 22), (np.int64(58), np.int64(66), np.float64(0.18940564091890352), 22), (np.int64(59), np.int64(66), np.float64(0.13999769425548775), 22), (np.int64(54), np.int64(67), np.float64(0.28533378036626666), 22), (np.int64(55), np.int64(67), np.float64(0.30776658672369495), 22), (np.int64(56), np.int64(67), np.float64(0.3004449466379682), 22), (np.int64(53), np.int64(68), np.float64(0.25997412168405687), 22), (np.int64(51), np.int64(69), np.float64(0.2270003414979652), 22), (np.int64(52), np.int64(69), np.float64(0.2478471028590813), 22), (np.int64(49), np.int64(70), np.float64(0.252366253792794), 22), (np.int64(50), np.int64(70), np.float64(0.2623319188183644), 22)]"
139.843789562187,58.660799999999995,8203.348570749538,"[(np.int64(109), np.int64(62), np.float64(0.06105972046175938), 11), (np.int64(110), np.int64(63), np.float64(0.08334802688507416), 11), (np.int64(111), np.int64(63), np.float64(0.08900651957556562), 11), (np.int64(112), np.int64(64), np.float64(0.08901006023303196), 11), (np.int64(113), np.int64(64), np.float64(0.09223053520603836), 11), (np.int64(114), np.int64(65), np.float64(0.1016225464576207), 11), (np.int64(115), np.int64(65), np.float64(0.09750239774628973), 11), (np.int64(116), np.int64(66), np.float64(0.10132584769604601), 11), (np.int64(117), np.int64(66), np.float64(0.10839363313285771), 11), (np.int64(118), np.int64(66), np.float64(0.10602369116222726), 11), (np.int64(119), np.int64(66), np.float64(0.08307051352730417), 11)]"
140.68268927584407,58.660799999999995,8252.559099072432,"[(np.int64(99), np.int64(66), np.float64(0.1367780634624829), 11), (np.int64(100), np.int64(67), np.float64(0.07108559396857278), 11), (np.int64(100), np.int64(68), np.float64(0.06607900837924038), 11), (np.int64(100), np.int64(69), np.float64(0.08350771068470077), 11), (np.int64(100), np.int64(70), np.float64(0.1142446833745554), 11), (np.int64(100), np.int64(71), np.float64(0.1389631257009889), 11), (np.int64(100), np.int64(72), np.float64(0.14152706242199753), 11), (np.int64(101), np.int64(73), np.float64(0.1320054054915431), 11), (np.int64(102), np.int64(73), np.float64(0.13023341922494264), 11), (np.int64(103), np.int64(74), np.float64(0.11752846949431402), 11), (np.int64(104), np.int64(75), np.float64(0.16549852826447092), 11)]"
144.63396337708738,63.9936,9255.64799876798,"[(np.int64(33), np.int64(74), np.float64(0.059111331145487944), 12), (np.int64(32), np.int64(75), np.float64(0.11826896712356094), 12), (np.int64(30), np.int64(76), np.float64(0.20792817059114113), 12), (np.int64(31), np.int64(76), np.float64(0.18767794824353728), 12), (np.int64(29), np.int64(77), np.float64(0.2231928754352461), 12), (np.int64(29), np.int64(78), np.float64(0.20628679573200842), 12), (np.int64(29), np.int64(79), np.float64(0.164769988888866), 12), (np.int64(29), np.int64(80), np.float64(0.12367909561521827), 12), (np.int64(29), np.int64(81), np.float64(0.09759589441588037), 12), (np.int64(29), np.int64(82), np.float64(0.08023567177110581), 12), (np.int64(29), np.int64(83), np.float64(0.06071638944838967), 12), (np.int64(29), np.int64(84), np.float64(0.03675730220129109), 12)]"
168.6913541717412,101.3232,17092.347817014168,"[(np.int64(60), np.int64(77), np.float64(0.11156909252291834), 19), (np.int64(61), np.int64(77), np.float64(0.12848153312092422), 19), (np.int64(62), np.int64(77), np.float64(0.14285795721340325), 19), (np.int64(63), np.int64(77), np.float64(0.15636200888900506), 19), (np.int64(64), np.int64(77), np.float64(0.16775579604031599), 19), (np.int64(65), np.int64(77), np.float64(0.1730765335309661), 19), (np.int64(58), np.int64(78), np.float64(0.054758694605849506), 19), (np.int64(59), np.int64(78), np.float64(0.08056211350023108), 19), (np.int64(66), np.int64(78), np.float64(0.1681556700498376), 19), (np.int64(67), np.int64(79), np.float64(0.18766717067240202), 19), (np.int64(68), np.int64(79), np.float64(0.2576068050269081), 19), (np.int64(69), np.int64(80), np.float64(0.4529103086477911), 19), (np.int64(70), np.int64(80), np.float64(0.5845946203075073), 19), (np.int64(71), np.int64(80), np.float64(0.6726237721198682), 19), (np.int64(72), np.int64(80), np.float64(0.6887260037784931), 19), (np.int64(73), np.int64(80), np.float64(0.6245523109054855), 19), (np.int64(74), np.int64(80), np.float64(0.5023544376698407), 19), (np.int64(75), np.int64(80), np.float64(0.35885971139595785), 19), (np.int64(76), np.int64(80), np.float64(0.2362369927359703), 19)]"
160.34731981185413,90.6576,14536.703180575147,"[(np.int64(86), np.int64(79), np.float64(0.015128629296854056), 17), (np.int64(85), np.int64(80), np.float64(0.029615392196979364), 17), (np.int64(84), np.int64(81), np.float64(0.0489646838888012), 17), (np.int64(83), np.int64(82), np.float64(0.07881733494438833), 17), (np.int64(84), np.int64(83), np.float64(0.053543997109995016), 17), (np.int64(84), np.int64(84), np.float64(0.06379582474629751), 17), (np.int64(84), np.int64(85), np.float64(0.10160503339872408), 17), (np.int64(85), np.int64(86), np.float64(0.13998486315562728), 17), (np.int64(85), np.int64(87), np.float64(0.2133119361055555), 17), (np.int64(85), np.int64(88), np.float64(0.28881626433616453), 17), (np.int64(85), np.int64(89), np.float64(0.35616217045714865), 17), (np.int64(85), np.int64(90), np.float64(0.4091314652223297), 17), (np.int64(85), np.int64(91), np.float64(0.44780211788670427), 17), (np.int64(85), np.int64(92), np.float64(0.47036106064033306), 17), (np.int64(85), np.int64(93), np.float64(0.4691000310621398), 17), (np.int64(84), np.int64(94), np.float64(0.5263825436716089), 17), (np.int64(84), np.int64(95), np.float64(0.5060766276541363), 17)]"
157.23973957005575,53.327999999999996,8385.280831791932,"[(np.int64(52), np.int64(80), np.float64(0.15702380956942802), 10), (np.int64(52), np.int64(81), np.float64(0.1707265546961498), 10), (np.int64(51), np.int64(82), np.float64(0.20138498101189078), 10), (np.int64(51), np.int64(83), np.float64(0.19501542197778896), 10), (np.int64(51), np.int64(84), np.float64(0.19721847404586437), 10), (np.int64(50), np.int64(85), np.float64(0.24338907690051304), 10), (np.int64(50), np.int64(86), np.float64(0.2688222157184874), 10), (np.int64(50), np.int64(87), np.float64(0.25946571271372887), 10), (np.int64(49), np.int64(88), np.float64(0.238568517535037), 10), (np.int64(49), np.int64(89), np.float64(0.20475533586107478), 10)]"
169.0210395803921,53.327999999999996,9013.55399874315,"[(np.int64(105), np.int64(82), np.float64(0.30220404734747736), 10), (np.int64(105), np.int64(83), np.float64(0.2943952778472305), 10), (np.int64(105), np.int64(84), np.float64(0.26215867217360017), 10), (np.int64(104), np.int64(85), np.float64(0.20376197838716245), 10), (np.int64(104), np.int64(86), np.float64(0.1947869101398589), 10), (np.int64(104), np.int64(87), np.float64(0.20729340514691771), 10), (np.int64(104), np.int64(88), np.float64(0.231644048575813), 10), (np.int64(104), np.int64(89), np.float64(0.24980856785998304), 10), (np.int64(104), np.int64(90), np.float64(0.2495746126779183), 10), (np.int64(103), np.int64(91), np.float64(0.18925296773905406), 10)]"
153.9537496112647,122.6544,18883.104786319906,"[(np.int64(43), np.int64(84), np.float64(0.24160206853737193), 23), (np.int64(43), np.int64(85), np.float64(0.2533408728542208), 23), (np.int64(43), np.int64(86), np.float64(0.2631482115791449), 23), (np.int64(43), np.int64(87), np.float64(0.2594068783194676), 23), (np.int64(43), np.int64(88), np.float64(0.23888639934716613), 23), (np.int64(42), np.int64(89), np.float64(0.20701382543568123), 23), (np.int64(42), np.int64(90), np.float64(0.2080318391456738), 23), (np.int64(41), np.int64(91), np.float64(0.21760220068326497), 23), (np.int64(41), np.int64(92), np.float64(0.22879353064011895), 23), (np.int64(40), np.int64(93), np.float64(0.24859516417874286), 23), (np.int64(40), np.int64(94), np.float64(0.2442644725725712), 23), (np.int64(40), np.int64(95), np.float64(0.22701294638412747), 23), (np.int64(39), np.int64(96), np.float64(0.20583358162926482), 23), (np.int64(39), np.int64(97), np.float64(0.1903442687581486), 23), (np.int64(38), np.int64(98), np.float64(0.16900599388388357), 23), (np.int64(37), np.int64(99), np.float64(0.16907698446245134), 23), (np.int64(36), np.int64(100), np.float64(0.17980537634785865), 23), (np.int64(35), np.int64(101), np.float64(0.1654732633020203), 23), (np.int64(35), np.int64(102), np.float64(0.13683729013804277), 23), (np.int64(35), np.int64(103), np.float64(0.10001841341494283), 23), (np.int64(35), np.int64(104), np.float64(0.0766212883840974), 23), (np.int64(36), np.int64(105), np.float64(0.0704977719965521), 23), (np.int64(36), np.int64(106), np.float64(0.06479669422209478), 23)]"
27002.0201094858,58.660799999999995,1583960.1012385243,"[(np.int64(77), np.int64(85), np.float64(9.060114612783904), 11), (np.int64(78), np.int64(85), np.float64(6.638275866867437), 11), (np.int64(76), np.int64(86), np.float64(13.355972293076244), 11), (np.int64(76), np.int64(87), np.float64(16.041755657964934), 11), (np.int64(76), np.int64(88), np.float64(16.2471292795614), 11), (np.int64(76), np.int64(89), np.float64(16.3145737954824), 11), (np.int64(76), np.int64(90), np.float64(17.861175567984628), 11), (np.int64(75), np.int64(91), np.float64(19.41378929876602), 11), (np.int64(75), np.int64(92), np.float64(19.830121214845278), 11), (np.int64(74), np.int64(93), np.float64(13.122936270906123), 11), (np.int64(74), np.int64(94), np.float64(7.707348047446533), 11)]"
138.3588156546072,53.327999999999996,7378.398921228893,"[(np.int64(32), np.int64(86), np.float64(0.038713206556684206), 10), (np.int64(31), np.int64(87), np.float64(0.07733436266969859), 10), (np.int64(31), np.int64(88), np.float64(0.12321930280462223), 10), (np.int64(31), np.int64(89), np.float64(0.142185122740955), 10), (np.int64(30), np.int64(90), np.float64(0.13865431645492352), 10), (np.int64(30), np.int64(91), np.float64(0.1022357019202378), 10), (np.int64(29), np.int64(92), np.float64(0.06182401105844223), 10), (np.int64(29), np.int64(93), np.float64(0.042327936694306255), 10), (np.int64(29), np.int64(94), np.float64(0.03327350706046022), 10), (np.int64(28), np.int64(95), np.float64(0.027712178613636763), 10)]"
154.11775189994563,149.3184,23012.61612529684,"[(np.int64(112), np.int64(90), np.float64(0.18376521999299475), 28), (np.int64(112), np.int64(91), np.float64(0.25963656844235944), 28), (np.int64(112), np.int64(92), np.float64(0.3264640971990533), 28), (np.int64(115), np.int64(92), np.float64(0.17481836361276568), 28), (np.int64(116), np.int64(92), np.float64(0.1286321241821699), 28), (np.int64(117), np.int64(92), np.float64(0.09542627433555825), 28), (np.int64(112), np.int64(93), np.float64(0.3458000033156401), 28), (np.int64(113), np.int64(93), np.float64(0.30889233818224004), 28), (np.int64(114), np.int64(93), np.float64(0.2447354986555911), 28), (np.int64(111), np.int64(94), np.float64(0.3042640989323016), 28), (np.int64(114), np.int64(94), np.float64(0.23360887856221557), 28), (np.int64(110), np.int64(95), np.float64(0.2222848060024676), 28), (np.int64(114), np.int64(95), np.float64(0.20606623917028902), 28), (np.int64(108), np.int64(96), np.float64(0.1516110107066172), 28), (np.int64(109), np.int64(96), np.float64(0.174192887116912), 28), (np.int64(115), np.int64(96), np.float64(0.16031514466294702), 28), (np.int64(105), np.int64(97), np.float64(0.14296143273179923), 28), (np.int64(106), np.int64(97), np.float64(0.13599922069312903), 28), (np.int64(107), np.int64(97), np.float64(0.14246910688420297), 28), (np.int64(115), np.int64(97), np.float64(0.13647999442972017), 28), (np.int64(103), np.int64(98), np.float64(0.24953045065862392), 28), (np.int64(104), np.int64(98), np.float64(0.20234396397259924), 28), (np.int64(115), np.int64(98), np.float64(0.13451012560890865), 28), (np.int64(115), np.int64(99), np.float64(0.14005443646863386), 28), (np.int64(115), np.int64(100), np.float64(0.13087294667200947), 28), (np.int64(116), np.int64(101), np.float64(0.08249414057326147), 28), (np.int64(116), np.int64(102), np.float64(0.05872809506855186), 28), (np.int64(116), np.int64(103), np.float64(0.039134417654327784), 28)]"
136.47612971667988,143.9856,19650.597422933984,"[(np.int64(124), np.int64(92), np.float64(0.021523293026283575), 27), (np.int64(125), np.int64(93), np.float64(0.010941865768569555), 27), (np.int64(125), np.int64(94), np.float64(0.0103474224361019), 27), (np.int64(125), np.int64(95), np.float64(0.016447892866190778), 27), (np.int64(125), np.int64(96), np.float64(0.027732656220971732), 27), (np.int64(125), np.int64(97), np.float64(0.03768312534936037), 27), (np.int64(125), np.int64(98), np.float64(0.042959428597537715), 27), (np.int64(125), np.int64(99), np.float64(0.04764404227728744), 27), (np.int64(125), np.int64(100), np.float64(0.05645111149673413), 27), (np.int64(126), np.int64(101), np.float64(0.0606541301664836), 27), (np.int64(126), np.int64(102), np.float64(0.06761448897710581), 27), (np.int64(127), np.int64(103), np.float64(0.06211271599712489), 27), (np.int64(127), np.int64(104), np.float64(0.054586817027815766), 27), (np.int64(127), np.int64(105), np.float64(0.04851367110469483), 27), (np.int64(127), np.int64(106), np.float64(0.049987360382818105), 27), (np.int64(127), np.int64(107), np.float64(0.05735687153910261), 27), (np.int64(126), np.int64(108), np.float64(0.0717594771064097), 27), (np.int64(125), np.int64(109), np.float64(0.10648466159755221), 27), (np.int64(124), np.int64(110), np.float64(0.1265022922974497), 27), (np.int64(124), np.int64(111), np.float64(0.12349242377472505), 27), (np.int64(123), np.int64(112), np.float64(0.1402262920109349), 27), (np.int64(123), np.int64(113), np.float64(0.1328034996263366), 27), (np.int64(122), np.int64(114), np.float64(0.12696700259748173), 27), (np.int64(120), np.int64(115), np.float64(0.08184922171153643), 27), (np.int64(121), np.int64(115), np.float64(0.09899164591082424), 27), (np.int64(119), np.int64(116), np.float64(0.05696747423216317), 27), (np.int64(118), np.int64(117), np.float64(0.0347165006417134), 27)]"
148.577584745197,58.660799999999995,8715.67998322105,"[(np.int64(50), np.int64(94), np.float64(0.1501038723912956), 11), (np.int64(51), np.int64(95), np.float64(0.16895277776556497), 11), (np.int64(51), np.int64(96), np.float64(0.1907210968309519), 11), (np.int64(51), np.int64(97), np.float64(0.20240279181334148), 11), (np.int64(51), np.int64(98), np.float64(0.2066610669310617), 11), (np.int64(51), np.int64(99), np.float64(0.20678897609629085), 11), (np.int64(51), np.int64(100), np.float64(0.20306667054999833), 11), (np.int64(52), np.int64(101), np.float64(0.1456303810750524), 11), (np.int64(52), np.int64(102), np.float64(0.12108051805454371), 11), (np.int64(53), np.int64(103), np.float64(0.0557898808362), 11), (np.int64(54), np.int64(104), np.float64(0.017297768877510698), 11)]"
152.55185218768548,202.6464,30914.083659166587,"[(np.int64(110), np.int64(101), np.float64(0.18078694924915395), 38), (np.int64(110), np.int64(102), np.float64(0.1915137821166216), 38), (np.int64(110), np.int64(103), np.float64(0.1896793800398915), 38), (np.int64(109), np.int64(104), np.float64(0.23244088156387066), 38), (np.int64(109), np.int64(105), np.float64(0.24343512655128927), 38), (np.int64(109), np.int64(106), np.float64(0.2375803681000236), 38), (np.int64(108), np.int64(107), np.float64(0.21371914306558124), 38), (np.int64(107), np.int64(108), np.float64(0.20285746971348723), 38), (np.int64(106), np.int64(109), np.float64(0.24248378892642042), 38), (np.int64(105), np.int64(110), np.float64(0.227100605721602), 38), (np.int64(104), np.int64(111), np.float64(0.15640525951435913), 38), (np.int64(104), np.int64(112), np.float64(0.15480926168199052), 38), (np.int64(103), np.int64(113), np.float64(0.20004496880135872), 38), (np.int64(103), np.int64(114), np.float64(0.2199667205654458), 38), (np.int64(94), np.int64(115), np.float64(0.2945254689025531), 38), (np.int64(101), np.int64(115), np.float64(0.2349317489428045), 38), (np.int64(102), np.int64(115), np.float64(0.24259306706639236), 38), (np.int64(79), np.int64(116), np.float64(0.028143434708388104), 38), (np.int64(80), np.int64(116), np.float64(0.03957332935131705), 38), (np.int64(81), np.int64(116), np.float64(0.0458534623809242), 38), (np.int64(82), np.int64(116), np.float64(0.04534866179896142), 38), (np.int64(83), np.int64(116), np.float64(0.03862538088922316), 38), (np.int64(84), np.int64(116), np.float64(0.04156776108613728), 38), (np.int64(85), np.int64(116), np.float64(0.07514050761341795), 38), (np.int64(86), np.int64(116), np.float64(0.12890346059066374), 38), (np.int64(87), np.int64(116), np.float64(0.1729425225776322), 38), (np.int64(88), np.int64(116), np.float64(0.1953586139332574), 38), (np.int64(89), np.int64(116), np.float64(0.20233852458464174), 38), (np.int64(90), np.int64(116), np.float64(0.2029120508516079), 38), (np.int64(91), np.int64(116), np.float64(0.20714570661540715), 38), (np.int64(92), np.int64(116), np.float64(0.22506337166384804), 38), (np.int64(93), np.int64(116), np.float64(0.25449173362861405), 38), (np.int64(95), np.int64(116), np.float64(0.2681359467341711), 38), (np.int64(96), np.int64(116), np.float64(0.2379038561821147), 38), (np.int64(97), np.int64(116), np.float64(0.19326699043481202), 38), (np.int64(98), np.int64(116), np.float64(0.1633486091252199), 38), (np.int64(99), np.int64(116), np.float64(0.17756613577375335), 38), (np.int64(100), np.int64(116), np.float64(0.2139883185676191), 38)]"
161.71933112181944,122.6544,19835.58752714809,"[(np.int64(54), np.int64(114), np.float64(0.11788627371645923), 23), (np.int64(54), np.int64(115), np.float64(0.1260901307202747), 23), (np.int64(55), np.int64(116), np.float64(0.08090194988407419), 23), (np.int64(55), np.int64(117), np.float64(0.05557539203831781), 23), (np.int64(55), np.int64(118), np.float64(0.05359637395098698), 23), (np.int64(56), np.int64(119), np.float64(0.10241652323670487), 23), (np.int64(57), np.int64(120), np.float64(0.16554094190924953), 23), (np.int64(58), np.int64(120), np.float64(0.20624591719740493), 23), (np.int64(59), np.int64(120), np.float64(0.22907301381239664), 23), (np.int64(60), np.int64(120), np.float64(0.2351346002561054), 23), (np.int64(61), np.int64(120), np.float64(0.23709498627699258), 23), (np.int64(62), np.int64(121), np.float64(0.23615002930796514), 23), (np.int64(63), np.int64(121), np.float64(0.25945871687303473), 23), (np.int64(64), np.int64(122), np.float64(0.2803338244143348), 23), (np.int64(65), np.int64(123), np.float64(0.3424530897120417), 23), (np.int64(66), np.int64(124), np.float64(0.4064299449527999), 23), (np.int64(66), np.int64(125), np.float64(0.4646891427099012), 23), (np.int64(67), np.int64(126), np.float64(0.4542685012542116), 23), (np.int64(68), np.int64(127), np.float64(0.44700885347420627), 23), (np.int64(69), np.int64(127), np.float64(0.417688782948948), 23), (np.int64(70), np.int64(128), np.float64(0.355572151007595), 23), (np.int64(71), np.int64(129), np.float64(0.2250272271774556), 23), (np.int64(72), np.int64(129), np.float64(0.14673687919703324), 23)]"
160.56864938864584,63.9936,10275.365921517247,"[(np.int64(97), np.int64(121), np.float64(0.1497133767740453), 12), (np.int64(96), np.int64(122), np.float64(0.2107150494993494), 12), (np.int64(95), np.int64(123), np.float64(0.25449236978643464), 12), (np.int64(94), np.int64(124), np.float64(0.26298217188834067), 12), (np.int64(92), np.int64(125), np.float64(0.19965672968877374), 12), (np.int64(93), np.int64(125), np.float64(0.23161857588206738), 12), (np.int64(91), np.int64(126), np.float64(0.19066340694486014), 12), (np.int64(89), np.int64(127), np.float64(0.28098425860694015), 12), (np.int64(90), np.int64(127), np.float64(0.2342709237500964), 12), (np.int64(86), np.int64(128), np.float64(0.33282211311324217), 12), (np.int64(87), np.int64(128), np.float64(0.2935574671612581), 12), (np.int64(88), np.int64(128), np.float64(0.2659522113550699), 12)]"
141.0573520726765,85.3248,12035.690354130707,"[(np.int64(102), np.int64(128), np.float64(0.17498328008107544), 16), (np.int64(103), np.int64(128), np.float64(0.13071263509823633), 16), (np.int64(96), np.int64(129), np.float64(0.09093616601987549), 16), (np.int64(97), np.int64(129), np.float64(0.10351967566623038), 16), (np.int64(98), np.int64(129), np.float64(0.12106001996218399), 16), (np.int64(99), np.int64(129), np.float64(0.1505662462212049), 16), (np.int64(100), np.int64(129), np.float64(0.17628145892233624), 16), (np.int64(101), np.int64(129), np.float64(0.17491180225960595), 16), (np.int64(104), np.int64(129), np.float64(0.07361287954624576), 16), (np.int64(105), np.int64(129), np.float64(0.05728883371180407), 16), (np.int64(106), np.int64(129), np.float64(0.05269647861830814), 16), (np.int64(111), np.int64(129), np.float64(0.037401219400888516), 16), (np.int64(107), np.int64(130), np.float64(0.06233094457079374), 16), (np.int64(108), np.int64(130), np.float64(0.06799538146644289), 16), (np.int64(109), np.int64(130), np.float64(0.06725209713143104), 16), (np.int64(110), np.int64(130), np.float64(0.05780767778945858), 16)]"
136.45657265662987,74.6592,10187.738549285861,"[(np.int64(113), np.int64(138), np.float64(0.06422671660359729), 14), (np.int64(114), np.int64(138), np.float64(0.04211832579951877), 14), (np.int64(115), np.int64(138), np.float64(0.025237664740777568), 14), (np.int64(110), np.int64(139), np.float64(0.1305383220576496), 14), (np.int64(111), np.int64(139), np.float64(0.13347329454302911), 14), (np.int64(112), np.int64(139), np.float64(0.10782105971401874), 14), (np.int64(109), np.int64(140), np.float64(0.10729736642694028), 14), (np.int64(108), np.int64(141), np.float64(0.06632730862095382), 14), (np.int64(107), np.int64(142), np.float64(0.04130864663410833), 14), (np.int64(105), np.int64(143), np.float64(0.03892649144297181), 14), (np.int64(106), np.int64(143), np.float64(0.03915727890835109), 14), (np.int64(102), np.int64(144), np.float64(0.02014900796914541), 14), (np.int64(103), np.int64(144), np.float64(0.03055513241297193), 14), (np.int64(104), np.int64(144), np.float64(0.03807927489442012), 14)]"
